a42d8230-45e4-47ec-8802-0e7628c8294f;"Aizbraukt uz rimi";created;"2021-10-06 19:28:13"
558629b8-1ad0-4c1b-a12b-c7fff60de2e2;"Izmest miskasti";created;"2021-10-06 19:30:26"
76bce45f-85cb-4fbd-b1e0-e8bbf429a75b;"Nopirkt šņabi";created;"2021-10-06 19:32:01"
16d961ac-4711-4852-bcb8-d6f1783d769e;"Sākt šņabi";created;"2021-10-06 19:32:11"
e9d162ec-5243-473d-b621-0472de81f136;"Nošaut kādu";created;"2021-10-06 19:50:31"
d70c0aa7-72ff-4325-8898-53e117bc4106;safda;created;"2021-10-06 21:47:31"
e6df5430-7ce7-4eb1-b959-afbc499221d1;sadasfasfa;created;"2021-10-06 21:51:59"
582fa13f-79f1-4bec-b23d-859538886bb4;dfsd;created;"2021-10-06 21:54:37"
12f1a74a-f818-4c4a-b031-3abfce9397f6;222;created;"2021-10-06 22:31:30"
9c7d5031-9e20-45de-a049-7bb91fa6f2b3;111;created;"2021-10-06 22:35:47"
fe25e970-983e-4fe2-91e1-52e923930a92;333;created;"2021-10-06 22:38:17"
13b85b5b-c1f2-408c-bdb5-2f7b4ed00c0e;222;created;"2021-10-06 23:00:56"
eff4a5b2-8e1f-436d-9eee-18a6f6581552;dasda;created;"2021-10-06 23:06:46"
e07bf642-3e6b-472f-9784-79d62fd195b0;dasda;created;"2021-10-06 23:11:00"
b6c29810-6883-4f2a-ae11-4c68052d3041;;created;"2021-10-06 23:11:02"
34c6c0b3-00ff-4e48-a101-a407e3d0f687;;created;"2021-10-06 23:13:25"
